Country Name,Country Code,Indicator Name,1990,1991,1992,1993,1994,1995,1996,1997,1998,1999,2000,2001,2002,2003,2004,2005,2006,2007,2008,2009,2010,2011,2012,2013,2014,2015,2016,2017,2018
Aruba,ABW,Access to electricity (% of population),,,,,,,,,,,91.6603980031457,100,100,100,100,100,100,100,100,100,93.3562921509542,100,100,100,100,100,100,100,100
Afghanistan,AFG,Access to electricity (% of population),,,,,,,,,,,,,,,,23,28.5609741210938,34.253246307373,42.4,45.6705551147461,42.7,43.2220189082037,69.1,68.9332656860352,89.5,71.5,97.7,97.7,98.7132034301758
Angola,AGO,Access to electricity (% of population),,,,,,,,,,,,20,25.0560569763184,26.1385898590088,27.1979007720947,28.2321949005127,29.2503795623779,37.5,31.2847576141357,32.3241195678711,33.3937110900879,34.6,35.6665000915527,36.8723831176758,32,42,40.6680183410645,41.9628944396973,43.2592582702637
Albania,ALB,Access to electricity (% of population),,,,,,,,,,,,,,,,,,,,,,,99.9,100,100,100,100,100,100
Andorra,AND,Access to electricity (% of population),100,100,100,100,100,100,100,100,100,100,100,100,100,100,100,100,100,100,100,100,100,100,100,100,100,100,100,100,100
Arab World,ARB,Access to electricity (% of population),,,,,,,,77.2978507128035,78.302779397663,78.980861204439,78.4793636989698,80.0230468842826,77.99911115703,79.3063105601193,79.5371839854357,80.5747275507832,84.6212058977181,82.9268784401299,83.6449921024328,84.270921268469,86.9599909576562,87.1994742750379,87.512260241612,88.1298813951524,87.2753225444746,88.7200973716188,89.3086016436363,90.2836375115413,89.2868561467553
United Arab Emirates,ARE,Access to electricity (% of population),100,100,100,100,100,100,100,100,100,100,100,100,100,100,100,100,100,100,100,100,100,100,100,100,100,100,100,100,100
Argentina,ARG,Access to electricity (% of population),,,,,,,,,,,,95.5110634674458,96.10791015625,96.384895324707,96.6386489868164,96.8673934936523,97.0800247192383,97.2881317138672,97.5032958984375,97.7371063232422,98.82,99.278694152832,99.4978561401367,99.4765548706055,100,99.8271179199219,99.9591217041016,100,100
Armenia,ARM,Access to electricity (% of population),,,,,,,,,,,98.9,100,98,99.2390213012695,99.2913589477539,99.8,99.3298950195313,99.3365783691406,99.3503265380859,99.3827133178711,99.8,99.8304901123047,99.8970260620117,99.894287109375,99.9572830200195,100,100,100,100
American Samoa,ASM,Access to electricity (% of population),,,,,,,,,,,,,,,,,,,,,,,,,,,,,
Antigua and Barbuda,ATG,Access to electricity (% of population),,,,,,,,,,,,,,,,92.2,100,100,100,98.3703689575195,98.488655090332,94.5520140336941,100,100,100,100,100,100,100
Australia,AUS,Access to electricity (% of population),100,100,100,100,100,100,100,100,100,100,100,100,100,100,100,100,100,100,100,100,100,100,100,100,100,100,100,100,100
Austria,AUT,Access to electricity (% of population),100,100,100,100,100,100,100,100,100,100,100,100,100,100,100,100,100,100,100,100,100,100,100,100,100,100,100,100,100
Azerbaijan,AZE,Access to electricity (% of population),,,,,,,,,,97,98.9082224496759,98.6376953125,100,99.0275115966797,99.189811706543,99.3271026611328,99.5,99.5649337768555,99.6886520385742,99.8310089111328,99.9382934570313,99.9,100,100,100,100,100,100,100
Burundi,BDI,Access to electricity (% of population),,,,,,,,1.89938414096832,3.9,2.6241500377655,2.98074841499329,3.32753109931946,3.66002893447876,3.97377228736877,4.26429224014282,3.20731707317073,4.77918767929077,5.02405643463135,4.8,5.54655647277832,5.3,6.18996858596802,6.5,6.9,7,8.63160705566406,9.63749980926514,9.3,11.0242519378662
Belgium,BEL,Access to electricity (% of population),100,100,100,100,100,100,100,100,100,100,100,100,100,100,100,100,100,100,100,100,100,100,100,100,100,100,100,100,100
Benin,BEN,Access to electricity (% of population),,,,,,,14.5,18.0600566864014,19.1755447387695,20.2901554107666,21.3994197845459,21.9,23.5840339660645,24.6504440307617,25.6936302185059,26.7117977142334,27.9,28.7113933563232,29.7159881591797,30.7392272949219,34.2,36.9,38.4,35.6286277770996,34.1,37.7004013061523,38.9702529907227,34.5,41.529239654541
Burkina Faso,BFA,Access to electricity (% of population),,,,6.1,6.17666959762573,6.6671085357666,7.15994262695313,7.65577077865601,8.15434646606445,6.9,9.14439868927002,9.6269359588623,10.0951881408691,11.4,10.9709606170654,11.3722171783447,11.7573652267456,12.1379890441895,12.525671005249,12.9319982528687,13.1,15.0398483276367,15.4381132125854,15.5959062576294,19.2,16.3046741485596,16.8605937957764,17.5064811706543,14.4
Bangladesh,BGD,Access to electricity (% of population),,14.29,11.9665746688843,14.539306640625,17.8,19.6889629364014,22.2670841217041,22.4,27.4320621490479,30.0150470733643,32,35.1605110168457,37.7140502929688,40.248836517334,40.6,44.23,50.5251024590164,46.5,52.6562576293945,55.1478729248047,55.26,59.6,62.8470039367676,61.5,62.4,73.1279678344727,75.92,88,85.1604232788086
Bulgaria,BGR,Access to electricity (% of population),100,100,100,100,100,100,100,100,100,100,100,100,100,100,100,100,100,100,100,100,100,100,100,100,100,100,100,100,100
Bahrain,BHR,Access to electricity (% of population),100,100,100,100,100,100,100,100,100,100,100,100,100,100,100,100,100,100,100,100,100,100,100,100,100,100,100,100,100
"Bahamas, The",BHS,Access to electricity (% of population),100,100,100,100,100,100,100,100,100,100,100,100,100,100,100,100,100,100,100,100,100,100,100,100,100,100,100,100,100
Bosnia and Herzegovina,BIH,Access to electricity (% of population),,,,,,,,,,,100,99.4,98.5,100,100,100,99.3872769868445,99.7,100,100,100,99.705780546902,100,99.5,100,99.7,100,100,100
Belarus,BLR,Access to electricity (% of population),100,100,100,100,100,100,100,100,100,100,100,100,100,100,100,100,100,100,100,100,100,100,100,100,100,100,100,100,100
Belize,BLZ,Access to electricity (% of population),,67,70.3068161010742,71.4197998046875,72.5339813232422,73.6499557495117,74.7683334350586,75.8896942138672,77.0138092041016,78.1370468139648,79,80.3630065917969,81.4568023681641,82.5318374633789,83.5836486816406,84.6104431152344,90.9885308574549,86.6272888183594,87.6405029296875,88.6723709106445,89.9172243747798,91.6817359855335,91.9922561645508,93.1906356811523,94.4246139526367,91.8,96.9637756347656,98.2511520385742,99.5400161743164
Bermuda,BMU,Access to electricity (% of population),100,100,100,100,100,100,100,100,100,100,100,100,100,100,100,100,100,100,100,100,100,100,100,100,100,100,100,100,100
Bolivia,BOL,Access to electricity (% of population),,,59.8465957641602,61.209789276123,64.1,63.9403762817383,71,67.330431,71.2,70.929888,69.963045,69.258539,63.996855,72.3,76.1259994506836,68.288209,76.211281,80.156567,84.674991,86.765597,88.0331954956055,88.335943,90.387375,89.505686,90.038729,91.522822,91.8,91.8,95.5853652954102
Brazil,BRA,Access to electricity (% of population),87.475116,90.1042251586914,88.803833,89.999927,91.5264511108398,91.728598,92.867095,93.354139,94.193812,94.76296,94.4127731323242,96.016528,96.652996,96.980098,96.765107,97.093513,97.594314,98.125382,98.526625,98.856938,98.9767379760742,99.328691,99.519494,99.575151,99.650247,99.710902,99.7,100,100
Barbados,BRB,Access to electricity (% of population),100,100,100,100,100,100,100,100,100,100,100,100,100,100,99.9986267089844,99.9868240356445,100,100,100,100,100,100,100,100,100,100,100,100,100
Brunei Darussalam,BRN,Access to electricity (% of population),100,100,100,100,100,100,100,100,100,100,100,100,100,100,100,100,100,100,100,100,100,100,100,100,100,100,100,100,100
Bhutan,BTN,Access to electricity (% of population),,,,,,,,,,,31.15,40.1987228393555,44.145637512207,41.1,51.9787292480469,59.8081116441343,59.7224540710449,71.8,67.4480819702148,71.3330688476563,73.2829108748978,81.8008422851563,91.5,87.3388442993164,91.3509216308594,95.464729309082,99.5963287353516,97.7,100
Botswana,BWA,Access to electricity (% of population),,10.1,10.6452713012695,12.7187643051147,14.7934541702271,16.8699398040771,18.9488220214844,21.0306968688965,23.1153202056885,25.1990661621094,27.2774658203125,24.8,31.4003505706787,33.4358940124512,35.4482154846191,37.4355201721191,39.4067153930664,41.3733863830566,43.1,45.3394889831543,52.6843681335449,53.24,53.3805885314941,53.6997947692871,55.894287109375,58.1154747009277,60.3544654846191,62.602352142334,64.8517227172852
Central African Republic,CAF,Access to electricity (% of population),,,,,,3,3.08757996559143,3.69022059440613,4.29560899734497,4.90012073516846,6,6.08863592147827,6.66370105743408,7.22001171112061,7.753098487854,8.26116847991943,7.80516932525804,9.24056434631348,9.73505973815918,10.2481985092163,9.8,13.1532945632935,15.9743528366089,18.5549392700195,21.1823444366455,24.1092948913574,27.0880069732666,29.8344898223877,32.4203987121582
Canada,CAN,Access to electricity (% of population),100,100,100,100,100,100,100,100,100,100,100,100,100,100,100,100,100,100,100,100,100,100,100,100,100,100,100,100,100
Central Europe and the Baltics,CEB,Access to electricity (% of population),100,100,100,100,100,100,100,100,100,100,100,100,100,100,100,100,100,100,100,100,100,100,100,100,100,100,99.8278332841511,100,100
Switzerland,CHE,Access to electricity (% of population),100,100,100,100,100,100,100,100,100,100,100,100,100,100,100,100,100,100,100,100,100,100,100,100,100,100,100,100,100
Channel Islands,CHI,Access to electricity (% of population),,,,,,,,,,,,,,,,,,,,,,,,,,,,,
Chile,CHL,Access to electricity (% of population),92.257427,94.7213973999023,94.560057,95.203498840332,95.446044921875,95.6903839111328,95.617315,96.1868515014648,97.241124,96.6909332275391,97.938687,97.1736297607422,97.3957824707031,98.782325,97.7793655395508,97.9345245361328,99.368108,98.2080993652344,98.3496856689453,99.593662,99.3830032348633,99.588193,100,99.6,100,99.714844,100,100,100
China,CHN,Access to electricity (% of population),,,,,,,,,,,96.9071044921875,97.2181396484375,97.5149002075195,97.7929000854492,98.0476760864258,98.2774353027344,98.491081237793,98.7002105712891,98.9163970947266,99.1512222290039,99.7,99.874382019043,99.9748764038086,100,100,100,100,100,100
Cote d'Ivoire,CIV,Access to electricity (% of population),36.6594924926758,37.787281036377,38.9146156311035,40.039249420166,36.5,42.2695693969727,43.3698501586914,44.456600189209,45.5271148681641,48.2,47.6174240112305,48.6439170837402,51.4,50.6790618896484,51.6955146789551,58.9,53.745677947998,54.7862396240234,55.8373031616211,56.8971138000488,57.9639282226563,59.0359878540039,55.8,61.1888618469238,61.9,62.6,64.3,65.6,66.9911804199219
Cameroon,CMR,Access to electricity (% of population),,29,32.676155090332,33.8180122375488,34.9610633850098,36.1059150695801,37.2531623840332,38.4034004211426,40.7,40.70849609375,41,46.2,44.114875793457,45.2187843322754,47.1,47.3551368713379,49,48.2,50.4718246459961,51.5325622558594,53.2583656311035,53.7,54.9463424682617,56.1663246154785,56.8,58.7187347412109,60.0260848999023,61.3423347473145,62.6600723266602
"Congo, Dem. Rep.",COD,Access to electricity (% of population),,,,,,,,,,,6.7,7.26241636276245,7.91727924346924,8.55338764190674,9.16627216339111,6,10.3258981704712,15.2,11.4674243927002,12.0603618621826,12.6835260391235,13.348503112793,15.4,14.8229188919067,13.5,16.4397258758545,17.4034118652344,18.2261638641357,18.9776611328125
"Congo, Rep.",COG,Access to electricity (% of population),,,,,,,,,,,,,,,,,33.8859786987305,35.9772300720215,38.0755386352539,37.1,42.3396759033203,44.5286712646484,41.6,49.0511207580566,52.3896827697754,60.4,60.7406959533691,64.7098541259766,68.5184326171875
Colombia,COL,Access to electricity (% of population),89.9,90.9841995239258,91.3042373657227,91.6248779296875,91.9467086791992,91.2,92.5963668823242,92.9253845214844,93.2571563720703,93.5880432128906,95.2,94.2293167114258,94.53076171875,94.8134536743164,95.0729217529297,96.8,95.5257034301758,95.7395248413086,96.806763,96.057229,96.788995,96.6936,97.032176,97.779418,97.790938,98.186898,98.4,98.5,99.9364471435547
Comoros,COM,Access to electricity (% of population),,,,,,,,,,,,,,,,51.2086524963379,53.4335327148438,55.6538887023926,57.8813018798828,60.1273612976074,70.1040878295898,69.6052703857422,69.3,69.5024032592773,71.9505767822266,74.4254531860352,76.9181213378906,79.4196929931641,81.9227523803711
Cabo Verde,CPV,Access to electricity (% of population),,,,,,,,,,,,,58.6,63.3492012023926,65.2829208374023,67,69.0842132568359,70.972282409668,72.8674163818359,74.7811889648438,81.1,79.3685836791992,80.7467956542969,82.8270874023438,84.9429702758789,87.085563659668,89.2459487915039,91.4152297973633,93.5859985351563
Costa Rica,CRI,Access to electricity (% of population),,,,,98.1022186279297,98.1937484741211,98.2876663208008,98.3845825195313,98.484245300293,98.5830307006836,98.6764755249023,98.24978,98.509188,98.695902,98.954779,99.053051,99.147523,99.217998,99.263937,99.409804,98.995734,99.232348,99.503298,99.563517,99.359291,99.409804,99.5,99.6,100
Caribbean small states,CSS,Access to electricity (% of population),80.7291217513539,83.6421493011375,84.3469920947729,83.1538380375876,83.4182304995352,84.0134689784283,86.725463163936,85.2152950535543,85.6764800542823,87.7340331758967,86.5841548865956,89.2990415485193,89.1369191684135,89.3344460009862,89.8464812266614,90.3608684390395,90.7892115524553,91.7791905423667,92.9375102908679,92.2261894117886,93.3306099959709,93.3388687440526,94.4314570425267,94.9767722584895,94.9603423740834,95.744147412218,97.1016731799269,97.7674212166884,98.4016023741215
Cuba,CUB,Access to electricity (% of population),93.4576797485352,93.7051239013672,93.9526672363281,94.200813293457,94.4501495361328,94.701286315918,94.9548187255859,95.2113418579102,95.4706192016602,95.7290115356445,97,96.2253036499023,95.5,96.6644439697266,96.8514175415039,97.0133743286133,97.1592178344727,97.300537109375,97.4489135742188,97.6159439086914,97.8131942749023,98.0522537231445,98.3413009643555,98.6748504638672,99.0439910888672,99.439826965332,99.8534622192383,99.928352355957,100
Curacao,CUW,Access to electricity (% of population),100,100,100,100,100,100,100,100,100,100,100,100,100,100,100,100,100,100,100,100,100,100,100,100,100,100,100,100,100
Cayman Islands,CYM,Access to electricity (% of population),99.9155502319336,99.9308471679688,99.9463958740234,100,100,100,100,100,100,100,100,100,100,100,100,100,100,100,100,100,100,100,100,100,100,100,100,100,100
Cyprus,CYP,Access to electricity (% of population),100,100,100,100,100,100,100,100,100,100,100,100,100,100,100,100,100,100,100,100,100,100,100,100,100,100,100,100,100
Czech Republic,CZE,Access to electricity (% of population),100,100,100,100,100,100,100,100,100,100,100,100,100,100,100,100,100,100,100,100,100,100,100,100,100,100,100,100,100
Germany,DEU,Access to electricity (% of population),100,100,100,100,100,100,100,100,100,100,100,100,100,100,100,100,100,100,100,100,100,100,100,100,100,100,100,100,100
Djibouti,DJI,Access to electricity (% of population),,,,,,,62,56.3123588562012,56.34375,56.3742637634277,56.3994293212891,56.4147834777832,49.7,56.3981628417969,56.357250213623,56.2913208007813,55.5,56.1227226257324,56.0432205200195,55.9823608398438,55.9517288208008,55.9629096984863,54.6,56.1297340393066,56.4197654724121,57.531120300293,58.6942405700684,60.2,60.3954467773438
Dominica,DMA,Access to electricity (% of population),,,,,,,,,75,79.6214141845703,80.992317199707,82.3534088134766,87.7,85.0282669067383,86.3330917358398,87.6128997802734,88.8766021728516,90.1357803344727,90.9,92.686897277832,94.0019989013672,95.3589248657227,96.7658233642578,98.2172241210938,99.704216003418,99.8146362304688,99.9815139770508,100,100
Denmark,DNK,Access to electricity (% of population),100,100,100,100,100,100,100,100,100,100,100,100,100,100,100,100,100,100,100,100,100,100,100,100,100,100,100,100,100
Dominican Republic,DOM,Access to electricity (% of population),,78.2,82.0788650512695,82.8731307983398,83.6685943603516,84.4658584594727,85.265510559082,86.0681610107422,86.8735580444336,91,88.764932,89.791362,89.749814,89.173808,90.316567,90.141224,90.118148,96.876342,97.576197,97.85776,98.145414,97.898872,97.86705,98.385853,98.470979,98.560364,98.9,100,100
Algeria,DZA,Access to electricity (% of population),,,,,,,,,,,,,,,,,,,,98.7472686767578,98.8776245117188,99.0497894287109,98.7646604654583,99.5385818481445,99.8408203125,99.9313659667969,99.9900512695313,100,100
East Asia & Pacific (excluding high income),EAP,Access to electricity (% of population),,,,,,,,,,,92.4909967786032,93.024585494952,92.3079802068591,92.5423369537822,93.499294263249,93.1783218011542,94.2534888717661,94.292723843174,94.7415456493694,94.5639071546432,95.0879935050272,95.7112468956548,96.0433809426577,96.2217354487004,96.3791159023148,96.8171488323597,96.966255724472,97.6266927475717,97.7708067979212
Early-demographic dividend,EAR,Access to electricity (% of population),,,,55.0122822919006,55.0873001273729,57.0404364540405,58.8850261262803,61.0374925856641,62.7439407107193,65.7128465315371,65.3064712832147,64.8113002037426,68.1837466030779,69.3171956701707,70.1069370006175,70.8999073077587,72.6501237449139,75.358639418618,75.2813603797044,77.2233318440659,78.6605921442994,75.2494763893958,81.3808598017022,81.8961107395951,82.970862566334,85.7474765705997,87.2762338486645,89.6177762468134,90.7257511206166
East Asia & Pacific,EAS,Access to electricity (% of population),,,,,,,,,,,93.3034228938227,93.7764744353614,93.11459474421,93.3212729262126,94.1753462259794,93.8845437726391,94.8465999950046,94.8800121953428,95.2818966781933,95.1076769499217,95.5778609987419,96.1373859352627,96.4351017829306,96.5943081343885,96.7348736345443,97.1287488927404,97.2621205109475,97.8571233091855,97.9864336581834
Europe & Central Asia (excluding high income),ECA,Access to electricity (% of population),,,,,,,,,,,,,99.8465646234346,99.8782534190196,99.8462377458661,99.8435018336453,99.8621421599805,99.8424683054614,99.8683723454844,99.9112269688984,99.8992320039302,99.918842177321,99.9465354611061,99.9547649807015,99.9627365001749,98.3705204346526,99.9400863274159,99.9841357928597,99.9847207971938
Europe & Central Asia,ECS,Access to electricity (% of population),100,100,100,100,100,99.9976239657755,99.9549608113297,99.9473093817613,99.9525637565948,99.8585841677234,99.9331755906066,99.9378446607991,99.9441935709853,99.9558852721691,99.9444756549669,99.9376715525534,99.9450585529514,99.937421739166,99.9478468771229,99.9648519596622,99.9549977235304,99.9636423783879,99.9759149474312,99.9795927610891,99.9831667724363,99.2628250265769,99.9728570648218,99.9928019313065,99.9930588766905
Ecuador,ECU,Access to electricity (% of population),,,,,,89.830167,91.9264602661133,92.3253021240234,92.726642,93.071434,93.5229873657227,93.9085388183594,94.2798080444336,94.973044,94.9616165161133,95.83265,96.315259,96.812618,97.206576,96.470862,97.462142,96.872699,97.194929,98.034674,98.976067,98.825883,98.7,99.2,100
"Egypt, Arab Rep.",EGY,Access to electricity (% of population),,,93.4,95.42431640625,95.6652984619141,95.5,96.1532516479492,96.4014205932617,96.6523361206055,96.9023742675781,97.7,97.3819427490234,97.6025390625,98.8,97.9829864501953,99.4,99.04,98.4070358276367,99.8,98.7057266235352,99.1528930664063,99.4522476196289,99.7,99.731201171875,99.8,99.3,100,100,100
Euro area,EMU,Access to electricity (% of population),100,100,100,100,100,100,100,100,100,100,100,100,100,100,100,100,100,100,100,100,100,100,100,100,100,100,100,100,100
Eritrea,ERI,Access to electricity (% of population),,,,,,22.9,24.7169399261475,25.8440742492676,26.9739570617676,28.1029624938965,29.2266216278076,30.3404655456543,32.2,32.5208282470703,33.5784111022949,34.6109733581543,35.6274261474609,36.6393585205078,37.6583442687988,38.6959800720215,39.7638397216797,40.8735122680664,42.0331687927246,43.2373199462891,44.4770736694336,45.7435188293457,47.0277671813965,48.320915222168,49.6155433654785
Spain,ESP,Access to electricity (% of population),100,100,100,100,100,100,100,100,100,100,100,100,100,100,100,100,100,100,100,100,100,100,100,100,100,100,100,100,100
Estonia,EST,Access to electricity (% of population),100,100,100,100,100,100,100,100,100,100,100,100,100,100,100,100,100,100,100,100,100,100,100,100,100,100,100,100,100
Ethiopia,ETH,Access to electricity (% of population),,,,,,,,,,,12.7,25.5699501037598,26.467643737793,27.3465824127197,28.2022972106934,14,29.8475818634033,79.9308806503791,31.4747695922852,32.3105354309082,33.1765327453613,23,35.0421295166016,36.0444145202637,27.2,29,42.9,44.3,44.9799575805664
European Union,EUU,Access to electricity (% of population),100,100,100,100,100,100,100,100,100,100,100,100,100,100,100,100,100,100,100,100,100,100,100,100,100,100,99.9601957013685,100,100
Fragile and conflict affected situations,FCS,Access to electricity (% of population),,,,,,,,,,,34.1266371555914,36.7171511933231,39.6077531525163,41.9461954425082,41.2115255298762,40.5422921629324,44.6289017105337,45.9377724875884,46.285474010088,45.4399908632697,46.0101452887486,48.847758981657,50.0076687374557,50.9920222281009,51.2561358747296,51.4139577042906,54.834641346663,55.4522504728931,55.5885640359332
Finland,FIN,Access to electricity (% of population),100,100,100,100,100,100,100,100,100,100,100,100,100,100,100,100,100,100,100,100,100,100,100,100,100,100,100,100,100
Fiji,FJI,Access to electricity (% of population),,,,,,,66.9,71.8128128051758,73.1336059570313,74.4535217285156,75.7680892944336,77.0728378295898,79.63,80,80.8835144042969,82.1069793701172,83.3143463134766,88.9,86.16,86.9556198120117,89.0069274902344,90.1521224975586,91.1318054199219,91.75,93.6912612915039,95.1486129760742,96.6237716674805,96,99.5933609008789
France,FRA,Access to electricity (% of population),100,100,100,100,100,100,100,100,100,100,100,100,100,100,100,100,100,100,100,100,100,100,100,100,100,100,100,100,100
Faroe Islands,FRO,Access to electricity (% of population),100,100,100,100,100,100,100,100,100,100,100,100,100,100,100,100,100,100,100,100,100,100,100,100,100,100,100,100,100
"Micronesia, Fed. Sts.",FSM,Access to electricity (% of population),,,,,,,,,,,46,48.4435157775879,50.2514343261719,52.0405960083008,53.8065376281738,55.5474624633789,57.272274017334,58.9925651550293,60.719913482666,62.4659042358398,64.5315202481064,67.1521224975586,69.3561096191406,71.3196258544922,73.3299560546875,75.6398315429688,78.0014724731445,80.1308822631836,82.099723815918
Gabon,GAB,Access to electricity (% of population),,,,,,,,,,,73.6,76.5015716552734,77.4398956298828,78.3594665527344,79.2558135986328,81.6,80.9823684692383,81.8330612182617,82.6908187866211,83.5672149658203,92.2313461303711,90.4978866577148,89.3,86.4,88.5421447753906,89.6473541259766,90.7703704833984,91.9022827148438,93.0356826782227
United Kingdom,GBR,Access to electricity (% of population),100,100,100,100,100,100,100,100,100,100,100,100,100,100,100,100,100,100,100,100,100,100,100,100,100,100,100,100,100
Georgia,GEO,Access to electricity (% of population),,,,,,,,,,,,,99.9,98.9401397705078,99.0190887451172,97.9350541215654,99.1108322143555,99.1441268920898,99.1844863891602,99.2434768676758,99.3327026367188,99.6476364135742,100,99.8974075317383,100,99.9918899536133,100,100,100
Ghana,GHA,Access to electricity (% of population),,,,30.6,32.1480026245117,34.2146072387695,36.2836074829102,38.3556022644043,42.6,42.5042114257813,43.7,46.6314353942871,48.6758575439453,48.3,52.7039642333984,54.6813850402832,55.0934500757703,58.5994911193848,60.5,62.5458335876465,64.2,64.06256,69.2180709838867,70.7,78.3,75.7182388305664,79.3,79,82.3945770263672
Gibraltar,GIB,Access to electricity (% of population),100,100,100,100,100,100,100,100,100,100,100,100,100,100,100,100,100,100,100,100,100,100,100,100,100,100,100,100,100
Guinea,GIN,Access to electricity (% of population),,,,,,,,,,16.4,15.5391550064087,16.7780532836914,18.0026664733887,19.2085247039795,20.3911590576172,20.2,22.6902847290039,23.8272705078125,24.9713134765625,26.1340007781982,27.3269157409668,28.5616416931152,26.2,31.1755599975586,32.5403633117676,33.9318656921387,33.5,35.4,44
"Gambia, The",GMB,Access to electricity (% of population),,,,17.7,18.2984199523926,19.950325012207,21.6046257019043,23.2619209289551,24.9219627380371,26.5811290740967,34.3,29.8789520263672,31.5086727142334,27.8,34.7073783874512,30.4562675012354,37.8167152404785,39.3588066101074,40.9079551696777,42.4757499694824,47.2740135192871,48.9028778076172,50.3662223815918,51.5,52.8587913513184,54.4280319213867,56.0490341186523,56.2,60.3
Guinea-Bissau,GNB,Access to electricity (% of population),,,,,,,,,,,,,,,,,14.5361990950226,8.02470779418945,9.29649448394775,4.7,6,13.2700548171997,14.6825084686279,16.1394596099854,17.2,20.2964935302734,23.2933483123779,26,28.6620216369629
Equatorial Guinea,GNQ,Access to electricity (% of population),,,,,,,,,,,,,,,,,,,,,,66.1,65.6772308349609,65.8435363769531,66.0454330444336,66.2740325927734,66.5204238891602,66.7757186889648,67.0325012207031
Greece,GRC,Access to electricity (% of population),100,100,100,100,100,100,100,100,100,100,100,100,100,100,100,100,100,100,100,100,100,100,100,100,100,100,100,100,100
Grenada,GRD,Access to electricity (% of population),,,,,,,,,85.04,85.5264892578125,85.9598083496094,86.3833160400391,86.7925415039063,87.1830062866211,87.5502548217773,87.8924789428711,88.2185974121094,88.5401916503906,90,89.2161407470703,89.5936660766602,88.8,90.4823226928711,90.9961395263672,91.5455551147461,92.4674072265625,93.6172790527344,94.534912109375,95.2919845581055
Greenland,GRL,Access to electricity (% of population),100,100,100,100,100,100,100,100,100,100,100,100,100,100,100,100,100,100,100,100,100,100,100,100,100,100,100,100,100
Guatemala,GTM,Access to electricity (% of population),,,,,,60.8,67.6789016723633,68.9023056030273,70.1284561157227,70.9,73.318205,73.7837829589844,78.667838,78.512204,77.3105392456055,78.4393692016602,83.730998,80.6602935791016,81.7755584716797,82.9094619750977,84.0735931396484,84.026414,86.5354614257813,87.8358840942383,85.494371,90.5346298217773,91.9151458740234,93.3,94.6954650878906
Guam,GUM,Access to electricity (% of population),99.9251403808594,99.9392852783203,99.9536743164063,99.968620300293,99.983154296875,100,100,100,100,100,100,100,100,100,100,100,100,100,100,100,100,100,100,100,100,100,100,100,100
Guyana,GUY,Access to electricity (% of population),,,,72.376631,70.6883392333984,71.3234481811523,71.9609527587891,72.601448059082,73.2446899414063,73.8870544433594,74.5240783691406,75.1512832641602,75.7642059326172,76.3583755493164,76.929313659668,77.5,73.3825878594249,78.5303497314453,79.0626983642578,77.6,82.3978424072266,83.7841720581055,85.0049819946289,85.9853134155273,86.9,88.3391723632813,89.7176361083984,90.8638610839844,91.8495254516602
High income,HIC,Access to electricity (% of population),99.8093245664161,99.8472337008237,99.8393080118908,99.8501513078662,99.854716156752,99.8605253528231,99.8616630179072,99.8719757960794,99.8896201251373,99.8841789485446,99.9000100747374,99.8966272327132,99.9027124328808,99.9375448239386,99.9134451583949,99.9175965791971,99.9439667958581,99.9293281960702,99.934087095728,99.9539873252744,99.9437262118276,99.9614334778944,99.9733488773911,99.9563350413997,99.9793390575327,99.9787062053936,99.9852740224638,99.9980372324922,100
"Hong Kong SAR, China",HKG,Access to electricity (% of population),100,100,100,100,100,100,100,100,100,100,100,100,100,100,100,100,100,100,100,100,100,100,100,100,100,100,100,100,100
Honduras,HND,Access to electricity (% of population),,54.781937,58.913112,61.100156,64.733947,66.122022,61.68112,64.794754,66.859519,67.394103,67.4056015014648,64.2,63.141137,65.090464,67.113528,68.903309,71.266448,73.548187,76.396899,78.269685,80.984668,82.195298,83.607727,87.184881,88.653773,89.98171,91.6,86.5,91.88720703125
Heavily indebted poor countries (HIPC),HPC,Access to electricity (% of population),,,,,,,,,,,18.925531815939,22.2666976171029,22.4627173738564,23.5721763984399,24.2815219447284,22.3203755951727,25.8302172624152,34.363457740329,27.9609358847373,28.0776196094542,29.622917628681,28.9427419662695,32.8231107872535,33.3410458571389,35.0986853248619,35.4803572599049,40.9579894941082,42.1843933859748,44.6037225773497
Croatia,HRV,Access to electricity (% of population),,,,,,,,,,,100,100,100,100,100,100,100,100,100,100,100,100,100,100,100,100,100,100,100
Haiti,HTI,Access to electricity (% of population),,,,,,31.3,29.693675994873,30.299560546875,30.9081916809082,31.5159454345703,33.7,31.542382,33.2892532348633,31.6,34.3851356506348,34.8964500427246,33.9,35.8823318481445,36.380069732666,36.8964500427246,37.4430618286133,38.0314826965332,37.9,39.3527870178223,40.0712890625,40.9844589233398,40.4,43.8,45.277889251709
Hungary,HUN,Access to electricity (% of population),100,100,100,100,100,100,100,100,100,100,100,100,100,100,100,100,100,100,100,100,100,100,100,100,100,100,100,100,100
IBRD only,IBD,Access to electricity (% of population),,,,,,,,,,,83.7281223836904,82.7719636404251,85.1030436517807,85.7471306805862,86.2718136888486,87.1791252923236,88.0072941541047,88.6895189634452,89.4214062091768,90.5697226139935,91.4590960634722,89.2090807148316,92.8064352581401,93.1557361622265,93.9695545238307,95.2371943925702,95.9316598044098,96.8684739062292,97.8069214439501
IDA & IBRD total,IBT,Access to electricity (% of population),,,,,,,,,,,73.6339657052808,73.3239187462091,74.9740178866868,75.7394539365851,75.971295771504,76.4225481345769,77.5719830612054,78.8423907290574,78.7979623588726,79.6342311859125,80.4440742793878,79.0970566313844,82.2796813990589,82.5710382383699,83.1730013138485,84.4433086397743,85.976670154764,87.038737521788,87.9142362034438
IDA total,IDA,Access to electricity (% of population),,,,,,,,,36.5347157702965,37.9588779763058,34.9556980548599,36.9615079657451,39.120856176675,40.7496295055283,40.5297497664411,40.2480583430474,42.830699992396,46.5794934367194,44.4503163503838,44.4604203782791,44.94672853868,46.9193502138382,49.0986617842007,49.617439780032,49.9774514436274,51.6763877453909,56.1453626977971,57.967473718575,59.0561497934814
IDA blend,IDB,Access to electricity (% of population),,,,,,,,,53.7512109759693,55.0910689629646,54.5806979475828,55.3246113070976,56.0868195978864,58.4498057579275,57.2245611545253,57.7551798194219,57.8863791039285,58.9259110921203,59.289145368364,58.5201835590092,57.430867872874,62.0755379208753,61.7163574726014,62.7535019981355,61.9008496236083,61.9216583855527,66.8973999342952,64.9546792377327,67.0624291329564
Indonesia,IDN,Access to electricity (% of population),,48.9,66.2638320922852,55.43,62.8,66.86,72.39,80.3,80.94,83.73,86.3,86.26,87.6,87.94,89.01,85.6768646240234,90.62,91.1,92.73,93.55,94.15,94.83,96,96.4642583061542,97.01,97.5373674369822,97.62,98.14,98.51
IDA only,IDX,Access to electricity (% of population),,,,,,,,,,25.5001306730258,23.351646472043,26.1309248521252,30.0896579321381,31.3339684597931,31.7176045908214,31.3157613067415,35.0944298640367,40.2585270665658,36.8467046598191,37.3219240039712,38.6087943639044,39.2092891643996,42.6488282125149,42.8932168016334,43.8660339538444,46.4199474259585,50.6256832824029,54.3797268210295,54.9455406755651
Isle of Man,IMN,Access to electricity (% of population),100,100,100,100,100,100,100,100,100,100,100,100,100,100,100,100,100,100,100,100,100,100,100,100,100,100,100,100,100
India,IND,Access to electricity (% of population),,,,50.9,48.8495330810547,50.5580062866211,52.268871307373,53.9827346801758,55.6993408203125,60.1,59.1254577636719,55.8,62.3,64.1798400878906,64.4,67.4434356689453,67.9,70.6452713012695,72.2509918212891,75,76.3,67.6,79.9,80.7915420532227,83.5347213745117,88,89.6719207763672,92.6,95.2358551025391
Not classified,INX,Access to electricity (% of population),,,,,,,,,,,,,,,,,,,,,,,,,,,,,
Ireland,IRL,Access to electricity (% of population),100,100,100,100,100,100,100,100,100,100,100,100,100,100,100,100,100,100,100,100,100,100,100,100,100,100,100,100,100
"Iran, Islamic Rep.",IRN,Access to electricity (% of population),,,,,,,,,,,97.9,97.8078079223633,97.9949035644531,98.1632385253906,98.3083572387695,98.4284515380859,98.4,98.6319046020508,98.7384262084961,98.8635940551758,99.0189819335938,99.216194152832,99.46337890625,99.7550659179688,100,99.9846954345703,100,100,100
Iraq,IRQ,Access to electricity (% of population),,,,,,,,,,,,,,,,,97.6221115649304,98.1,97.9187927246094,98.0071792602539,98.1257934570313,98,99.3,98.7515411376953,99.0420532226563,99.3592529296875,99.6942596435547,99.9098510742188,99.9
Iceland,ISL,Access to electricity (% of population),100,100,100,100,100,100,100,100,100,100,100,100,100,100,100,100,100,100,100,100,100,100,100,100,100,100,100,100,100
Israel,ISR,Access to electricity (% of population),100,100,100,100,100,100,100,100,100,100,100,100,100,100,100,100,100,100,100,100,100,100,100,100,100,100,100,100,100
Italy,ITA,Access to electricity (% of population),100,100,100,100,100,100,100,100,100,100,100,100,100,100,100,100,100,100,100,100,100,100,100,100,100,100,100,100,100
Jamaica,JAM,Access to electricity (% of population),70.334586,77.2316741943359,78.0239105224609,78.8167495727539,79.6107788085938,80.406608581543,85.706045,82.0060501098633,82.8100204467773,84.554112,84.4108505249023,87.708112,86.681291,86.7273101806641,87.4589691162109,88.1656188964844,88.8561553955078,89.5421676635742,92,90.9469604492188,92.2,91.1,93.1,93.9,93.3,94.9,96.9973373413086,97.9645614624023,98.9332809448242
Jordan,JOR,Access to electricity (% of population),96.8,97.7941589355469,97.8872375488281,97.9809265136719,98.0758056640625,98.172477722168,98.2715530395508,98.9,98.4784317016602,98.5823669433594,98.6809616088867,98.7697372436523,99.5,98.8999633789063,99.173436820348,98.9399642944336,98.9313507080078,98.8,98.9121322631836,99.4,98.9674911499023,99.1481246948242,99.5,99.3657608032227,99.5804443359375,99.8218231201172,99.9292373657227,100,99.9
Japan,JPN,Access to electricity (% of population),100,100,100,100,100,100,100,100,100,100,100,100,100,100,100,100,100,100,100,100,100,100,100,100,100,100,100,100,100
Kazakhstan,KAZ,Access to electricity (% of population),,,,,,99.9,98.6033554077148,98.7210311889648,98.8414535522461,97,99.0752029418945,99.1795883178711,99.2696914672852,99.3410415649414,99.38916015625,99.4122695922852,99.766547651744,99.4217376708984,99.431266784668,100,99.5178451538086,99.7974683544304,99.7927017211914,99.904296875,99.9762573242188,100,100,100,100
Kenya,KEN,Access to electricity (% of population),,,,10.9,2.29841494560242,4.47194576263428,6.64787149429321,8.82679080963135,14.5,13.1892490386963,15.3646945953369,17.5303230285645,19.6816673278809,16,23.9236240386963,26.0079708099365,28.0762119293213,30.1399269104004,32.2107009887695,23,19.2,38.5812225341797,40.7926635742188,43.0486030578613,36,41.6,65.4,63.5890884399414,75
Kyrgyz Republic,KGZ,Access to electricity (% of population),,,,,,,,99.8,99.7015533447266,99.7303314208984,99.7537689208984,99.7673950195313,100,99.747314453125,99.7046737670898,99.4423076923077,99.5532455444336,99.4649505615234,99.3837203979492,99.3211288452148,99,99.4305419921875,99.8,99.5400695800781,99.8,99.8023147583008,99.9218292236328,100,100
Cambodia,KHM,Access to electricity (% of population),,,,,,,,,18.67,8.87269973754883,16.6,15.5085153579712,18.8072299957275,19.3,25.3439292907715,20.5,31.791259765625,35.0023460388184,26.4,41.4572792053223,31.1,48.0331268310547,51.3919372558594,54.7952461242676,56.1,68.8159027099609,76.6025009155273,89.07,91.5506744384766
Kiribati,KIR,Access to electricity (% of population),,,,,,,,,,,,,,,,69.6764054575327,68.8,67.4731979370117,69.8460922241211,64.19,63.1677367075983,77.1229705810547,79.6365356445313,82.1945877075195,84.7882461547852,90.5581814089579,93.5708160400391,98.6,100
St. Kitts and Nevis,KNA,Access to electricity (% of population),,,,,,,,,,,,93.53,95.3539962768555,95.6927719116211,96.0083160400391,96.2988510131836,96.5732727050781,96.8431625366211,97.1201248168945,97.4157257080078,99.7138519287109,100,100,100,100,100,100,100,100
"Korea, Rep.",KOR,Access to electricity (% of population),99.9799270629883,99.9898681640625,99.9966583251953,99.9994812011719,100,100,100,100,100,100,100,100,100,100,100,100,100,100,100,100,100,100,100,100,100,100,100,100,100
Kuwait,KWT,Access to electricity (% of population),100,100,100,100,100,100,100,100,100,100,100,100,100,100,100,100,100,100,100,100,100,100,100,100,100,100,100,100,100
Latin America & Caribbean (excluding high income),LAC,Access to electricity (% of population),,,88.1193691193513,88.7531153412269,89.6638778416473,88.0343127369546,89.0289511459795,89.4804263447891,90.1279859517119,90.8102925268382,91.1565866468768,91.8155602684116,92.4245079712194,92.4890037721337,93.0511413214743,93.4053186758229,94.0730472362701,94.3816868678726,95.1246486246342,95.2578379343621,95.8683216741705,96.1175104919229,96.4751482179824,96.8165486244822,96.9428346015198,97.2281964703914,97.430926685432,97.7587099810817,98.2371089085305
Lao PDR,LAO,Access to electricity (% of population),,,,31,26.1486110687256,25,31.791072845459,34.6164932250977,37.4446640014648,40.2719573974609,43.0939025878906,45.9060325622559,46.3,48,54.2388381958008,57.2,57.0410587037665,62.3946495056152,66,67.8478469848633,70.6139907836914,70,76.3666277465237,79.4735412597656,83.0171127319336,89.7,90.7551040649414,93.6,97.9198226928711
Lebanon,LBN,Access to electricity (% of population),,,,,,,,,,,,,,,99.9,99.6017608642578,99.3838170909681,99.9,99.9,99.7856674194336,99.8782577514648,99.6840109542869,99.9923934936523,100,100,100,100,100,100
Liberia,LBR,Access to electricity (% of population),,,,,,,,,,,,,,,,,,3,1.24338209629059,1.9,5.18985843658447,4.1,9.30016899108887,9.8,9.4,16.1107311248779,19.8,24.2,25.9182662963867
Libya,LBY,Access to electricity (% of population),,,,,,,,,,,,97.0607604980469,95.3718795776367,93.6642379760742,91.9333801269531,90.1774978637695,88.4055099487305,86.6289978027344,84.8595428466797,83.1087341308594,81.3881530761719,79.7093811035156,78.0805892944336,76.4962997436523,74.9476089477539,73.4256134033203,71.9214172363281,70.4261245727539,67
St. Lucia,LCA,Access to electricity (% of population),,,,,,,,,,,,89.9,90.3943557739258,90.9106369018555,91.403694152832,91.8717346191406,92.3236694335938,92.7710723876953,93.2255401611328,93.6986465454102,94.2,94.8347015380859,95.3434225844005,95.9818954467773,96.6571197509766,97.3590469360352,98.0787658691406,98.8073883056641,99.5374984741211
Latin America & Caribbean,LCN,Access to electricity (% of population),,,88.4820631850123,89.0985455326903,89.9626596745461,88.4189330290303,89.3583625822622,89.8070957518225,90.4563651513548,91.0864895133688,91.4473875289465,92.043744750043,92.6317549326851,92.7615772750487,93.2456771927818,93.5898654274868,94.2731614409292,94.5369709068961,95.250076666866,95.4144583776663,95.9736974513806,96.2435337442415,96.6050798484674,96.8965713684619,97.0592484255426,97.3287651108011,97.5385985265452,97.8720083569138,98.3260111626588
Least developed countries: UN classification,LDC,Access to electricity (% of population),,,,,,,,,,,19.2259761860172,22.196884191623,25.2953578209073,26.5485766725959,26.8822656295438,26.4112883561135,30.4451415356202,36.327984837094,32.3349140666433,32.8323367630835,33.9937669125962,34.7342738011427,38.4707098080196,38.6596039177722,39.388723388608,42.5512210170089,46.9139076974365,51.0470997240707,51.5902136535514
Low income,LIC,Access to electricity (% of population),,,,,,,,,,,15.0174508625421,17.6434710136291,21.6892801916759,23.069995870229,23.1264393504689,21.1658335974171,25.390945328713,34.93249445013,27.2576590402025,27.4290126540007,29.0873061837468,28.0320941256644,32.2890155932575,32.5639261566024,33.7456240196956,33.9570168286671,39.5421168375251,41.058489080026,42.3797378854613
Liechtenstein,LIE,Access to electricity (% of population),100,100,100,100,100,100,100,100,100,100,100,100,100,100,100,100,100,100,100,100,100,100,100,100,100,100,100,100,100
Sri Lanka,LKA,Access to electricity (% of population),,,,,,,,,,,,63.6,80.7,74.2907028198242,75.8948135375977,77.4739074707031,79.0368957519531,80,82.1608810424805,83.7450485229492,85.3,87.76,87,90.2,92.2588043212891,94.0753021240234,97.5,97.5,99.5834045410156
Lower middle income,LMC,Access to electricity (% of population),,,,48.6749113838933,48.8383462436749,50.6259761603955,53.2289299081788,56.3870312683394,58.8218882766564,61.6817429688686,61.5370501874097,60.0891879151511,63.4312839541786,64.9906776201206,65.5626925740925,67.6788527810554,69.0223854436542,70.1731979414545,71.593662906262,73.0322565974021,73.7445948982852,71.178214516162,77.1362125216231,77.8456932873801,79.0390243221184,82.1203708465714,84.0927550316818,86.1475039729096,87.736267548369
Low & middle income,LMY,Access to electricity (% of population),,,,,,,,,,,73.3530022367087,73.047278428495,74.7201527066412,75.4916854139895,75.7349709743919,76.1957734071417,77.3556461289634,78.6439035289095,78.6003633133417,79.2127291703111,80.053417789233,78.7101694531631,81.9196920258937,82.2293412693538,82.843470013272,84.1333255798538,85.6852605578183,86.7620203944542,87.6537379935961
Lesotho,LSO,Access to electricity (% of population),,,,,,,,,,,4.25876010781671,1.4139130115509,3.53884363174438,5.64502000808716,6.8,9.78590774536133,9.7,13.8650350570679,15.9093961715698,17,17,22.2006778717041,20.56,26.6152305603027,27.8,31.8150539398193,35.28564453125,33.7,47
Late-demographic dividend,LTE,Access to electricity (% of population),,,,,,,,,,,95.7106918672846,96.0398171470793,96.5781443582443,96.8252948172025,97.082668025523,97.5827641851771,98.2102068213621,97.9327086360832,98.2371762107529,97.854669036271,98.4492529001542,98.6665735134486,98.8074062346321,98.9579688934595,98.9528293760812,98.8705005157474,99.2149812864208,99.3201520549995,99.4100515378699
Lithuania,LTU,Access to electricity (% of population),100,100,100,100,100,100,100,100,100,100,100,100,100,100,100,100,100,100,100,100,100,100,100,100,100,100,100,100,100
Luxembourg,LUX,Access to electricity (% of population),100,100,100,100,100,100,100,100,100,100,100,100,100,100,100,100,100,100,100,100,100,100,100,100,100,100,100,100,100
Latvia,LVA,Access to electricity (% of population),100,100,100,100,100,100,100,100,100,100,100,100,100,100,100,100,100,100,100,100,100,100,100,100,100,100,100,100,100
"Macao SAR, China",MAC,Access to electricity (% of population),,,,,,,100,100,100,100,100,100,100,100,100,100,100,100,100,100,100,100,100,100,100,100,100,100,100
St. Martin (French part),MAF,Access to electricity (% of population),,,,,,,,,,,,,,,,,,,,,64.35,100,100,100,100,100,100,100,100
Morocco,MAR,Access to electricity (% of population),,,49.2,55.5234718322754,57.538688659668,56.5,61.5751075744629,63.5975112915039,65.6226577758789,67.6469268798828,69.6658554077148,71.6749649047852,73.669792175293,75.645866394043,78.2,79.5265426635742,96.5,83.345458984375,85.2597122192383,87.1926116943359,91.5135498046875,92.7163162231445,93.7535629272461,97.2,91.6,99.6117553710938,99.7435684204102,100,100
Monaco,MCO,Access to electricity (% of population),100,100,100,100,100,100,100,100,100,100,100,100,100,100,100,100,100,100,100,100,100,100,100,100,100,100,100,100,100
Moldova,MDA,Access to electricity (% of population),,,,,,,,,,,,,99,100,99.1,98.6,100,100,100,100,100,100,100,100,100,100,100,100,100
Madagascar,MDG,Access to electricity (% of population),,,9.2,10.3103733062744,10.7732467651367,11.2379179000854,11.7049827575684,10.9,12.6478490829468,13.119779586792,13.5863637924194,14.8,14.48561668396,20.3,15.3098516464233,15.6853399276733,16.0447196960449,16.3995742797852,16.7614879608154,17.4,17.5528316497803,14.3,18.5080108642578,12.9,19.6377620697021,20.2471370697021,22.9,24.1,25.9078121185303
Maldives,MDV,Access to electricity (% of population),,,,,,,,,,,83.8,87.5333404541016,88.4616622924805,89.3712310791016,90.2575836181641,91.1189117431641,91.9641265869141,92.8048248291016,93.6525726318359,99.9,99.1093292236328,99.4526519775391,99.6304626464844,99.5677947998047,100,99.8356552124023,99.9652404785156,99.8,100
Middle East & North Africa,MEA,Access to electricity (% of population),,,,,,,,,,,90.9440439454176,91.3772006047595,91.4513488579774,92.4928341448961,92.3893836635992,93.3273115253739,95.6225784359684,93.9545773310923,94.4981099417889,94.8908124067669,96.2608186223788,96.3839323963311,96.5851222147543,97.0787627707174,96.138142986776,97.0304606884215,97.195764012772,97.7472727504409,96.4688914692786
Mexico,MEX,Access to electricity (% of population),,,93.145981,95.3749389648438,95.238294,95.8225326538086,96.093624,96.2797088623047,96.092755,96.744499206543,98.007132,97.1879043579102,97.897085,97.5741729736328,98.597701,98.932728,99.11416,98.1045074462891,98.914037,98.3670272827148,99.236696,99.1445693969727,99.111637,99.3201751708984,99.172928,99,99.5,100,100
Marshall Islands,MHL,Access to electricity (% of population),,,,,,,,,,68.5242358752702,68.5533828735352,70.0790710449219,71.5904693603516,73.0831146240234,74.5525436401367,75.9969482421875,77.4252471923828,72.3,80.2798461914063,81.7293243408203,88.9889144897461,89.919606785433,90.6328430175781,91.1315765380859,91.677131652832,92.5222244262695,93.4190902709961,94.6490020751953,96.3554763793945
Middle income,MIC,Access to electricity (% of population),,,,,,,,,,,78.2274953888283,77.6548431273112,79.4474302857736,80.2357363555091,80.6274085393519,81.6413682806047,82.5635790396575,83.1298894885987,83.9578226490003,84.9791435831655,85.7296834387614,84.4311486211884,87.5628721696052,87.9497050999005,88.5730248868993,90.0691742623256,91.2217836247691,92.3265333351845,93.2512716816126
North Macedonia,MKD,Access to electricity (% of population),,,,,,,,,,,,,,,,,99,100,99.2,99.2,100,99.7261638038337,100,100,100,100,100,100,100
Mali,MLI,Access to electricity (% of population),,,,,,,6.2,3.62166619300842,5.54325151443481,7.46396017074585,9.37932205200195,10.8,13.1761312484741,15.048638343811,16.8979225158691,18.722188949585,16.6,22.3339786529541,24.1446704864502,24.0308958348372,27.8335704803467,29.7349452972412,25.6,33.6821594238281,35.7136154174805,37.6,41.2377777099609,43.1,50.9
Malta,MLT,Access to electricity (% of population),100,100,100,100,100,100,100,100,100,100,100,100,100,100,100,100,100,100,100,100,100,100,100,100,100,100,100,100,100
Myanmar,MMR,Access to electricity (% of population),,,,,,,,,,,,,47,45.2642059326172,46.3459053039551,47.4025840759277,48.4431571960449,49.4792022705078,50.5223083496094,51.584056854248,48.8,53.8098258972168,54.9935989379883,56.221866607666,52,60.5,55.6,69.8148365975088,66.2645721435547
Middle East & North Africa (excluding high income),MNA,Access to electricity (% of population),,,,,,,,,,,89.3046909997928,89.8400962312386,90.0247483372246,91.22252893597,91.1032922755161,92.1744601320105,94.9228560268988,92.9587209378044,93.5635569889161,94.0939908314348,95.6637225543546,95.795549626828,96.0212264353583,96.5908187306569,95.487063627584,96.525880692423,96.7249719133352,97.366301166631,95.8600836283585
Montenegro,MNE,Access to electricity (% of population),,,,,,,,,,,,,,,,99.830220713073,100,100,100,100,100,99,100,99.7,97.7,100,100,100,100
Mongolia,MNG,Access to electricity (% of population),,,,,,,,,,,67.3,71.7931823730469,72.8867111206055,76.3,75.0130386352539,86.2,77.0499954223633,78.0558929443359,79.06884765625,80.1004486083984,78.502080443828,72.0570749108204,83.419548034668,81.2,85.8513870239258,88.0488510131836,91.062370300293,93.8436584472656,98.1
Northern Mariana Islands,MNP,Access to electricity (% of population),99.948600769043,99.9618148803711,99.9750442504883,99.9871673583984,99.9956436157227,100,100,100,100,100,100,100,100,99.9993591308594,99.9912643432617,99.9594879150391,99.895133972168,100,100,100,100,100,100,100,100,100,100,100,100
Mozambique,MOZ,Access to electricity (% of population),,,,,,,,6.6,3.43861103057861,4.71277284622192,5.98158836364746,5.7,8.48530292510986,8.1,10.9140014648438,12.0917205810547,13.2533311843872,12.4,13.5712238463743,15,17.9900646209717,20.2,21.4001407623291,22.781946182251,24.8,24,27.7186756134033,29.26637840271,31.1
Mauritania,MRT,Access to electricity (% of population),,,,,,,,,,,,22.2,21.6172542572021,22.9939422607422,24.3474063873291,18.2,26.9881916046143,33.0405405405405,30,30.9443950653076,33.6674308776855,35.1350479125977,36.4371452331543,37.4987716674805,38.8,39.5,41.4749565124512,42.9,44.526912689209
Mauritius,MUS,Access to electricity (% of population),,,,,,,,,,,99,99.4514770507813,99.4,99.1305999755859,98.9375610351563,98.7195053100586,98.4853363037109,98.2466430664063,98.0150146484375,97.8020248413086,100,99.4,97.3873519897461,97.3408889770508,97.3300170898438,97.3458404541016,97.3794708251953,97.4219970703125,97.4660034179688
Malawi,MWI,Access to electricity (% of population),,,3.2,1.32817423343658,1.79720222949982,2.26802659034729,2.74124574661255,3.21745896339417,3.69641995429993,4.17450428009033,4.8,5.11016511917114,5.55880260467529,6.2,6.9,6.77698755264282,3.65322733295476,7.50352907180786,7.8715968132019,8.25830841064453,8.7,7.6,7.4,9,11.9,10.8,11,12.7,18.02
Malaysia,MYS,Access to electricity (% of population),,,,,,,,,,,,,,,,,,,,99.3,99.2311859130859,99.5070953369141,99.8,99.9274368286133,99.9895629882813,100,100,100,100
North America,NAC,Access to electricity (% of population),100,100,100,100,100,100,100,100,100,100,100,100,100,100,100,100,100,100,100,100,100,100,100,100,100,100,100,100,100
Namibia,NAM,Access to electricity (% of population),,,26.4,27,28.9611072540283,29.9683971405029,30.978084564209,31.9907646179199,33.0061912536621,34.0207443237305,36.5,36.0293388366699,37.0144424438477,37.9807929992676,38.9239196777344,39.8420257568359,40.744026184082,43.7,42.5460357666016,44.1,44.4226226806641,42.3,46.4630432128906,47.4,48.678035736084,51.6,49.7,52.5,53.8738746643066
New Caledonia,NCL,Access to electricity (% of population),99.9251403808594,99.9392852783203,99.9536743164063,99.968620300293,99.983154296875,100,100,100,100,100,100,100,100,100,100,100,100,100,100,100,100,100,100,100,100,100,100,100,100
Niger,NER,Access to electricity (% of population),,,4.4,4.04445028305054,4.58914136886597,6.2,7,6.23638868331909,6.7,7.34476089477539,6.48148148148148,8.43174839019775,8.9560489654541,9.46159553527832,9.94391918182373,7.1,9.3,11.2790927886963,11.7228240966797,12.1851997375488,12.9348926544189,14.3,14.4,15.1423692703247,15.709527015686,16.6,17.4946937561035,18.18092918396,17.6
Nigeria,NGA,Access to electricity (% of population),27.3,34.7928619384766,35.6833267211914,36.574390411377,37.4666519165039,38.3607063293457,39.2571601867676,40.1566047668457,41.0587997436523,44.9,42.856086730957,43.7422409057617,44.6141128540039,52.2,46.297119140625,47.101993560791,47.8907623291016,50.1309194284432,50.3,50.2762489318848,48,55.9,53.2793312072754,55.6,54.9188957214355,52.5,59.3,54.4,56.5
Nicaragua,NIC,Access to electricity (% of population),,,,72.064174,68.6579132080078,69.3494644165039,70.0434188842773,70.740364074707,69.047103,72.1388702392578,72.8323364257813,72.22158,74.1853561401367,74.8359756469727,75.4633636474609,73.821815,76.6520004272461,77.2337417602539,77.8225402832031,77.916313,79.0676498413086,79.7471313476563,80.4766006469727,81.2505645751953,81.853073,83.6819152832031,85.3556060791016,86.8,88.0779571533203
Netherlands,NLD,Access to electricity (% of population),100,100,100,100,100,100,100,100,100,100,100,100,100,100,100,100,100,100,100,100,100,100,100,100,100,100,100,100,100
Norway,NOR,Access to electricity (% of population),100,100,100,100,100,100,100,100,100,100,100,100,100,100,100,100,100,100,100,100,100,100,100,100,100,100,100,100,100
Nepal,NPL,Access to electricity (% of population),,,,,,,17.9,16.2691783905029,20.0824089050293,23.8947620391846,27.7017688751221,24.6,35.281867980957,39.0460205078125,37.2,46.5028610229492,51.2,53.8979377746582,57.6002769470215,61.3212585449219,68.6,67.26,74.9439544677734,78.2463607788086,84.9,85.2443618774414,90.7,92.4131927490234,93.92
Nauru,NRU,Access to electricity (% of population),,,,,,,,,,,,,,,,,,99.8,99.1563415527344,99.066520690918,99.0069198608398,99,99.0213394165039,99.098030090332,99.2103271484375,99,99.5061111450195,99.6717987060547,99.8389739990234
New Zealand,NZL,Access to electricity (% of population),100,100,100,100,100,100,100,100,100,100,100,100,100,100,100,100,100,100,100,100,100,100,100,100,100,100,100,100,100
OECD members,OED,Access to electricity (% of population),99.8889373259407,99.9237878571523,99.3509241390573,99.5428287812931,99.5300391358357,99.5796493127234,99.5985928809889,99.6194376698113,99.6142422323989,99.6619093572074,99.79093334996,99.7040764361088,99.770296593318,99.7586664667635,99.8379040209167,99.8704125646146,99.9072598215233,99.7937446684643,99.8719777107035,99.8361952142194,99.9214241820622,99.9124641554271,99.916532362014,99.9305256644023,99.921754642022,99.9008184097841,99.9521394962972,100,100
Oman,OMN,Access to electricity (% of population),100,100,100,100,100,100,100,100,100,100,100,100,100,100,100,100,99.9998168945313,100,100,100,100,100,100,100,100,100,100,100,100
Other small states,OSS,Access to electricity (% of population),,,,,,,,,,,59.604239096849,55.7205932646449,56.7625784614104,57.8161641437461,59.7443487040508,61.9287468129886,60.3464080833691,61.9170728223449,63.1110701920096,63.9382760906377,66.2855511375939,68.118069411377,68.9472469363915,69.8135306584182,71.1072510788649,72.7040205085118,74.1385305162869,75.0870140920896,77.3462823287189
Pakistan,PAK,Access to electricity (% of population),,,,,,,,,70.46,70.2979354858398,70.3693313598633,70.4313812255859,70.4791564941406,70.5077209472656,70.5121536254883,70.490608215332,70.4535675048828,70.4146041870117,70.3872833251953,70.3851699829102,70.4218444824219,70.5071563720703,70.6360931396484,70.799934387207,70.9899444580078,71.1974105834961,71.4135971069336,70.79,71.0915467008027
Panama,PAN,Access to electricity (% of population),70.19,72.152946472168,73.125129699707,74.0979080200195,75.0718841552734,76.0476531982422,77.0258255004883,78.0069885253906,78.9908981323242,79.9739303588867,81.4014100930039,81.9194946289063,82.8730773925781,87.8,84.7195205688477,85.6061096191406,86.4765930175781,87.3425521850586,88.2155685424805,89.1072311401367,86.85,90.9928207397461,92.0065078735352,89.1,94.1584625244141,95.278938293457,96.7742462158203,100,100
Peru,PER,Access to electricity (% of population),,,70.1,64.8095321655273,66.0965728759766,67.3853988647461,67,69.16024,72.072063,74.078523,72.496495,72.113111,74.382688,74.380966,75.692357,77.173645,80.157275,81.988131,84.678343,86.42432,88.123061,89.707491,91.099508,92.135365,92.919989,93.852179,94.2,94.8,95.2
Philippines,PHL,Access to electricity (% of population),,,,65.4,68.1163330078125,69.2212600708008,70.3285903930664,71.4389038085938,71.3,71.8741709275167,74.7710037231445,75.868034362793,76.9507751464844,76.6,87.6,80.0712738037109,81.0709075927734,82.0660247802734,83.3,84.0890121459961,85.2219009399414,87.2,87.4070663452148,87.5,89.7860260009766,89.08,92.3030853271484,93,94.8572311401367
Palau,PLW,Access to electricity (% of population),,,,,,,,,,,,,,,,98.9165073295092,98.3688507080078,98.3723068237305,98.3828201293945,98.411979675293,98.4713668823242,98.5725708007813,97.6304263093788,98.91943359375,99.8103,99.4086837768555,100,100,100
Papua New Guinea,PNG,Access to electricity (% of population),,,,,,,11,2.25112009048462,4.38912868499756,6.5262598991394,8.65804576873779,10.7800149917603,12.8877000808716,14.9766311645508,17.0423374176025,19.0830268859863,12.4,23.1276626586914,25.1547794342041,17.2,19.5,31.394323348999,33.5621070861816,35.7743835449219,39.487907409668,44.4752082824707,49.4,54.4,58.967357635498
Poland,POL,Access to electricity (% of population),100,100,100,100,100,100,100,100,100,100,100,100,100,100,100,100,100,100,100,100,100,100,100,100,100,100,100,100,100
Pre-demographic dividend,PRE,Access to electricity (% of population),,,,,,,,22.5692425288537,23.6769398266659,24.9702065862096,22.5353641712559,24.0268602718802,24.5378653625534,26.9663763173505,26.2313192459031,26.6654963420756,30.8587343800221,32.750219817609,32.9556864676685,31.8331513818274,32.2890438736856,35.884378936413,37.1922494146051,38.1794400974882,39.7703963513503,40.0940123267575,45.7055813358189,45.483668362141,48.3917710219359
Puerto Rico,PRI,Access to electricity (% of population),100,100,100,100,100,100,100,100,100,100,100,100,100,100,100,100,100,100,100,100,100,100,100,100,100,100,100,100,100
"Korea, Dem. Peoples Rep.",PRK,Access to electricity (% of population),,,,,,,,,,,,,,,,,,,,26,29.4645214080811,31.721019744873,34.0275001525879,36.3784790039063,38.7650527954102,41.1783256530762,43.6093978881836,46.0493698120117,48.4908256530762
Portugal,PRT,Access to electricity (% of population),100,100,100,100,100,100,100,100,100,100,100,100,100,100,100,100,100,100,100,100,100,100,100,100,100,100,100,100,100
Paraguay,PRY,Access to electricity (% of population),,,,,,77.469114,85.9734573364258,86.412854,87.565299987793,88.518177,89.1527938842773,91.04207,91.666443,92.558399,93.249876,94.686886,96.749045,96.452771,96.677896,96.891335,97.43086,98.23656,97.835616,99.015884,99.000716,99.331532,98.4,99.3,100
West Bank and Gaza,PSE,Access to electricity (% of population),,,,,,,,97.9,98.8422317504883,98.9399871826172,99.7,99.114990234375,99.1832962036133,99.1,99.2591781616211,99.2604904174805,99.7,99.2263793945313,99.2141189575195,99.2204971313477,99.9,99.7,99.9630355834961,99.7713394165039,99.9,99.9,99.9903335571289,99.7,100
Pacific island small states,PSS,Access to electricity (% of population),,,,,,,,,,56.4809569263634,54.1574221176409,55.5874623570507,57.6977386017904,58.6663250143422,59.87711715469,61.9990471338574,61.2729295889619,63.3643130284398,66.7512202388017,64.8052397269113,69.6935432911941,71.4469016789776,73.081575253721,72.6995440551097,76.7312967181608,79.2785612103406,81.5220127034379,82.9694813933866,85.5013588439046
Post-demographic dividend,PST,Access to electricity (% of population),99.9222445611792,99.9256417225986,99.9289829028431,99.9321705837913,99.9352441666723,99.9382863377026,99.9413584786767,99.944414732842,99.9474865137996,99.9505518468977,99.965632733147,99.9545425885015,99.9429516455872,99.962082576194,99.9643467141421,99.9620937554947,99.9673991180675,99.9614334695951,99.9730677928593,99.9748509098055,99.977037346148,99.9782433795548,99.977166190403,99.9846167358226,99.9901011541444,99.9932784084719,99.998492326943,99.999265281701,100
French Polynesia,PYF,Access to electricity (% of population),100,100,100,100,100,100,100,100,100,100,100,100,100,100,100,100,100,100,100,100,100,100,100,100,100,100,100,100,100
Qatar,QAT,Access to electricity (% of population),100,100,100,100,100,100,100,100,100,100,100,100,100,100,100,100,100,100,100,100,100,100,100,100,100,100,100,100,100
Romania,ROU,Access to electricity (% of population),100,100,100,100,100,100,100,100,100,100,100,100,100,100,100,100,100,100,100,100,100,100,100,100,100,100,99.1,100,100
Russian Federation,RUS,Access to electricity (% of population),100,100,100,100,100,100,100,100,100,100,100,100,100,100,100,100,100,100,100,100,100,100,100,100,100,95.5,100,100,100
Rwanda,RWA,Access to electricity (% of population),,,2.3,0.00999999977648258,0.00999999977648258,0.0752588286995888,0.408376097679138,1.05414128303528,2.20745253562927,3.35988688468933,6.2,5.64424753189087,6.76723527908325,7.87146902084351,8.95247840881348,4.8,11.0483541488647,12.0837125778198,6,14.1871919631958,9.7,10.8,17.5,15.2,19.8,22.8,29.37,34.1,34.7165718078613
South Asia,SAS,Access to electricity (% of population),,,,47.0335501310218,45.5420383012747,47.2633994734806,48.4466562089752,49.9196295244688,53.9311362136416,57.6827175040664,57.1835716467224,54.9674772738312,60.6418204327617,62.310995945319,62.5136144427166,64.6652840878617,65.7731972427809,67.6366353503598,69.6357058771692,72.0752956401867,73.1515374366901,67.0153693824506,77.1564728335734,77.7998548902009,80.4750765364337,84.468086844873,86.6230694735552,89.8243363289186,91.6219918283442
Saudi Arabia,SAU,Access to electricity (% of population),100,100,100,100,100,100,100,100,100,100,100,100,100,100,100,100,100,100,100,100,100,100,100,100,100,100,99.9,99.93,100
Sudan,SDN,Access to electricity (% of population),32.8,24.5547637939453,25.4284420013428,26.3027210235596,27.1781959533691,28.0554695129395,28.9351367950439,29.8177967071533,30.7032070159912,31.5877380371094,23,33.336296081543,34.1913795471191,35.0277137756348,35.8408203125,36.6289100646973,37.4008903503418,38.1683464050293,38.9428634643555,29,40.5594100952148,41.4246101379395,42.3397903442383,43.2994728088379,44.9,49.3679237365723,53.0481376647949,56.5,59.7835350036621
Senegal,SEN,Access to electricity (% of population),,,,26,27.3616733551025,29.0023059844971,30.6453323364258,32.2,33.9401245117188,36.2,37.74,38.8632926940918,36.8,42.0814323425293,36.8,47.1,49.9,48.2755088806152,49.8133850097656,53.5,56.5,56.5,56.5,57,61,60.5,64.5,61.7,66.9594497680664
Singapore,SGP,Access to electricity (% of population),100,100,100,100,100,100,100,100,100,100,100,100,100,100,100,100,100,100,100,100,100,100,100,100,100,100,100,100,100
Solomon Islands,SLB,Access to electricity (% of population),,,,,,,,,,15.7,4.67069339752197,7.65327215194702,10.6215658187866,13.5711050033569,16.4974212646484,19.3987197875977,14.4,12.9,28.0522975921631,21.2,33.8952598571777,38.10498046875,42.2537536621094,44.7,50.1171798706055,55.1,58.6782760620117,62.9,66.6660995483398
Sierra Leone,SLE,Access to electricity (% of population),,,,,,,,,,,,,,,16.8,11.3324855164618,12.3327302932739,13.0300855636597,12.1,14.4575595855713,11.4621730735475,14.2,16.8510284423828,13.5,18.6657829284668,19.6571273803711,20.3,23.4,26.1
El Salvador,SLV,Access to electricity (% of population),,69.60788,75.1273040771484,76.0810394287109,77.0359802246094,76.995504,77.883,79.9139556884766,81.637983,79.129592,84.519249,87.063829,87.54906,86.961151,87.357045,87.525839,89.201467,91.109558,91.000227,91.08402,91.580238,92.574686,93.680571,95.043105,95.125416,95.4,96,96.8,100
San Marino,SMR,Access to electricity (% of population),100,100,100,100,100,100,100,100,100,100,100,100,100,100,100,100,100,100,100,100,100,100,100,100,100,100,100,100,100
Somalia,SOM,Access to electricity (% of population),,,,,,,,,,,,,7.4,9.92323112487793,11.5299854278564,13.1117210388184,15.2337858220211,16.2384510040283,17.8066120147705,19.3934173583984,21.0104503631592,22.6692962646484,24.3781261444092,26.1314506530762,27.920373916626,29.7359943389893,31.5694141387939,33.411735534668,35.2555351257324
Serbia,SRB,Access to electricity (% of population),,,,,,,,,,,,,100,100,100,99.6907216494845,100,100,100,100,99.7183979974969,100,100,100,99.6607979324826,99.9,100,100,100
Sub-Saharan Africa (excluding high income),SSA,Access to electricity (% of population),,,,,,,27.6028509861104,27.570826159919,28.2320990909097,29.8411211027785,25.9862709287918,28.2591563418541,29.2212615850384,31.2473112265826,30.9923639014403,29.9656685424331,32.3894961892875,39.0459100175651,33.9739645753798,33.2720301445638,33.8118242981397,35.8124949117525,37.5122682976764,38.3570792176927,38.2578609459711,39.2439374157191,44.659133316832,44.6538120531989,47.6553446159564
South Sudan,SSD,Access to electricity (% of population),,,,,,,,,,,,,,,,,,,,3,1.5,5.44520282745361,8.76476860046387,11.8438625335693,14.9697742462158,18.3952312469482,21.8724517822266,25.1174411773682,28.2018566131592
Sub-Saharan Africa,SSF,Access to electricity (% of population),,,,,,,27.6149584315633,27.5818897935757,28.2430922415497,29.8516681436065,25.9952207242563,28.2673750078084,29.229488637442,31.2548778277285,30.9997174412997,29.9730043801871,32.3968380955362,39.0520522403866,33.9806506793732,33.2785958291806,33.8183587108054,35.8186158589322,37.5181679462352,38.3627879340147,38.2637023064953,39.2496582916606,44.6642743729301,44.6588797306867,47.660056860408
Small states,SST,Access to electricity (% of population),,,,,,,,,,,66.2756343112349,64.0310083911879,64.6647266431572,65.4532270664481,66.9315537370875,68.4010846453663,66.9512540927103,68.341015057158,69.5786424329641,69.8203403902529,72.0046842456813,73.2576335505868,74.1325804615409,74.8082251956415,75.9717722040474,77.4251072414018,78.8466753358833,79.725221486815,81.6587586081498
Sao Tome and Principe,STP,Access to electricity (% of population),,,,,,,,,,,52.9,52.2065086364746,53.1661796569824,54.1070976257324,55.0247917175293,55.9174690246582,56.7940368652344,57.6660804748535,58.5451812744141,56.9,60.3709030151367,61.340690612793,57.9,63.4247245788574,68.6,66.1664047241211,68.0739822387695,69.7493286132813,71
Suriname,SUR,Access to electricity (% of population),,,,,,,,,,99.62406,95.5531921386719,95.4837188720703,95.3999633789063,95.2974472045898,95.1717147827148,95.0209579467773,91.0198398886182,94.6827087402344,94.5183868408203,94.3727035522461,91.1975158633725,94.1836013793945,94.1599426269531,94.180778503418,94.2372131347656,95.0951919555664,96.0661697387695,96.8049240112305,97.4
Slovak Republic,SVK,Access to electricity (% of population),100,100,100,100,100,100,100,100,100,100,100,100,100,100,100,100,100,100,100,100,100,100,100,100,100,100,100,100,100
Slovenia,SVN,Access to electricity (% of population),100,100,100,100,100,100,100,100,100,100,100,100,100,100,100,100,100,100,100,100,100,100,100,100,100,100,100,100,100
Sweden,SWE,Access to electricity (% of population),100,100,100,100,100,100,100,100,100,100,100,100,100,100,100,100,100,100,100,100,100,100,100,100,100,100,100,100,100
Eswatini,SWZ,Access to electricity (% of population),,,,,,,,,,,,26.9,25.7890796661377,28.6615943908691,31.5108871459961,34.3351631164551,35.2,39.9469680786133,42.7576675415039,38.6,45.5523376086057,51.6850929260254,55.2992668151855,58.6729621887207,65,65.8135452270508,69.5853652954102,73.5,76.5039825439453
Sint Maarten (Dutch part),SXM,Access to electricity (% of population),100,100,100,100,100,100,100,100,100,100,100,100,100,100,100,100,100,99.9929428100586,99.9594268798828,99.8871002197266,100,100,100,100,100,100,100,100,100
Seychelles,SYC,Access to electricity (% of population),,,,,90,92.1252899169922,92.5049667358398,92,93.2730560302734,93.6575927734375,94.0367889404297,94.4061737060547,96.1,95.0976028442383,95.4107208251953,95.6988220214844,99,96.2382736206055,96.5128021240234,96.8059692382813,97,98.3265151977539,98.6097640991211,98,100,100,100,100,100
Syrian Arab Republic,SYR,Access to electricity (% of population),,,,,,,,,,,,,86.6,92.7364196777344,92.4484024047852,92.135368347168,99.5057574004942,91.4725570678711,91.1459503173828,90.8379898071289,92.7,91.7890167236328,91.1323776245117,90.2352676391602,89.8910903930664,89.8119430541992,89.7505950927734,89.6981430053711,86
Turks and Caicos Islands,TCA,Access to electricity (% of population),88.7,90.9455184936523,91.3268432617188,91.7087707519531,92.0918960571289,92.4768142700195,92.864128112793,93.2544326782227,93.6474914550781,94.0396728515625,95.6,94.8035202026367,95.1662521362305,95.5102310180664,95.8309860229492,96.1267242431641,96.4063491821289,96.6814498901367,96.9636154174805,100,100,100,93.1,100,100,100,100,100,100
Chad,TCD,Access to electricity (% of population),,,,,,,,2.3,1.78961682319641,2.24996542930603,2.70496773719788,3.15015459060669,3.58105635643005,3.99320387840271,3.5,4.74603414535522,5.09383106231689,5.43710422515869,5.78743600845337,6.15641212463379,6.4,6.99663209915161,7.48763084411621,8.02312660217285,8.59421920776367,7.7,10.4157409667969,10.9,11.7593555450439
East Asia & Pacific (IDA & IBRD countries),TEA,Access to electricity (% of population),,,,,,,,,,,92.4909967786032,93.024585494952,92.3079802068591,92.5423369537822,93.499294263249,93.1783833012255,94.2535321146051,94.2927655694452,94.7415817516967,95.4328670506129,95.9178376378834,96.5187335293054,96.8242952858961,96.9737182185942,97.1015225594535,97.5132532353329,97.6322063723909,98.2688137667472,98.3832071206151
Europe & Central Asia (IDA & IBRD countries),TEC,Access to electricity (% of population),,,,,,,,,,,99.8380873606819,99.848851345568,99.867429048292,99.8948210176958,99.8671658646832,99.8619797121407,99.8783315819349,99.8609655727857,99.8838189653337,99.921624587348,99.9089834595211,99.9266569060707,99.9516224698377,99.959041613427,99.9662364711034,98.522511378638,99.9456388169458,99.9855971695921,99.9861209548802
Togo,TGO,Access to electricity (% of population),,,,,,,,,15.3,16.1105690002441,16.9562348801408,19.7103958129883,21.4911155700684,23.253080368042,24.9918231964111,26.7055473327637,27.9,30.0962543487549,31.7964057922363,33.5151977539063,30.7917436845348,39.7,39.1056671142578,40.9851837158203,45.7,45.137393951416,47.4150352478027,48,51.3452835083008
Thailand,THA,Access to electricity (% of population),,,,,,,,,,,82.1,89.4268493652344,90.2867889404297,91.1279678344727,91.9459228515625,92.7388687133789,99.146201481454,94.2880020141602,95.0673675537109,98.96,99.7,99.4623031616211,99.1086235489221,99.4548645019531,99.7672882080078,99.6,100,99.9,100
Tajikistan,TJK,Access to electricity (% of population),,,,,,,,,,97,98.4677419354839,98.6737518310547,99,100,98.6891174316406,99.3,98.5897445678711,98.5274810791016,98.472282409668,99,98.4293899536133,98.4648666381836,99.1,98.680290222168,98.8458480834961,98,99.248161315918,99.3,99.3
Turkmenistan,TKM,Access to electricity (% of population),,,,,,,,,,,99.6,99.5922241210938,99.6550445556641,99.699104309082,99.7199478149414,99.7157669067383,99.8413328044427,99.6706695556641,99.6529159545898,99.65380859375,100,99.9120941162109,99.982421875,100,100,100,100,100,100
Latin America & the Caribbean (IDA & IBRD countries),TLA,Access to electricity (% of population),,,88.1846897000735,88.8261193209745,89.7225120646516,88.1384935322661,89.1075504663276,89.5681614451811,90.2356978206365,90.8839248659464,91.2291249641183,91.8778207850049,92.5013961356194,92.6116859672355,93.1080731557839,93.4607575937373,94.1628434055734,94.4329454697477,95.1649744239393,95.3316683579892,95.9069078666968,96.1770797703398,96.5442927407048,96.8377277935034,96.9986237921952,97.2686726887351,97.4771613742285,97.8186574779218,98.2837640369757
Timor-Leste,TLS,Access to electricity (% of population),,,,,,,,,,,,25.6,24.1006832122803,27.7,30.4436798095703,33.5785484313965,36.6973075866699,36.6,42.9328346252441,46.0727729797363,38,52.4549179077148,55.7168769836426,59.0233345031738,62.3653907775879,67.2815339423354,76.5,80.0036468505859,85.5918350219727
Middle East & North Africa (IDA & IBRD countries),TMN,Access to electricity (% of population),,,,,,,,,,,89.149870754302,89.7043564037169,89.8996884575763,91.1139483940665,90.9920323245898,92.0769786747653,94.8632631746916,92.8799106779292,93.4917982383303,94.0354775460569,95.6149698646858,95.7502839184475,95.9752226584396,96.5534765230399,95.4349594731218,96.4858262547105,96.6860001823479,97.3383613704828,95.8100855931244
Tonga,TON,Access to electricity (% of population),,,,,80,81.7466049194336,82.4847946166992,83.2259826660156,83.9699249267578,84.7129821777344,85.4506988525391,86.178596496582,86.892204284668,87.5870666503906,88.2587051391602,88.9053192138672,92.3,90.1618118286133,90.7948532104492,91.4465408325195,92.1284561157227,92.175456108246,92.8,94.4441070556641,95.2979125976563,96.1784133911133,97.02,97.9839172363281,98.8926010131836
South Asia (IDA & IBRD),TSA,Access to electricity (% of population),,,,47.0335501310218,45.5420383012747,47.2633994734806,48.4466562089752,49.9196295244688,53.9311362136416,57.6827175040664,57.1835716467223,54.9674772738312,60.6418204327617,62.310995945319,62.5136144427166,64.6652840878617,65.7731972427809,67.6366353503598,69.6357058771692,72.0752956401867,73.1515374366901,67.0153693824506,77.1564728335734,77.7998548902009,80.4750765364337,84.468086844873,86.6230694735552,89.8243363289186,91.6219918283442
Sub-Saharan Africa (IDA & IBRD countries),TSS,Access to electricity (% of population),,,,,,,27.6149584315633,27.5818897935757,28.2430922415497,29.8516681436065,25.9952207242563,28.2673750078084,29.229488637442,31.2548778277285,30.9997174412997,29.9730043801871,32.3968380955362,39.0520522403866,33.9806506793732,33.2785958291807,33.8183587108054,35.8186158589322,37.5181679462352,38.3627879340147,38.2637023064953,39.2496582916606,44.6642743729301,44.6588797306867,47.660056860408
Trinidad and Tobago,TTO,Access to electricity (% of population),93.1666717529297,93.4700622558594,93.7735443115234,94.07763671875,94.3829193115234,94.6900024414063,94.9994735717773,95.3119430541992,95.6271591186523,95.9414978027344,91.29,96.549674987793,96.8345718383789,97.1007080078125,97.343620300293,97.5615234375,100,100,100,99,100,100,100,100,100,100,100,100,100
Tunisia,TUN,Access to electricity (% of population),,,,,86.8,88.7,90.4,92,93.2,94.2,94.8,97.3,97.8,98.4,99,99.3,99.4,99.4,99.4,99.5,99.5,99.5,99.5,99.7,99.8,99.9,100,100,99.8
Turkey,TUR,Access to electricity (% of population),,,,,,,,,,,,,,,,,,,,,100,99.9562454223633,99.9912490844727,100,100,100,100,100,100
Tuvalu,TUV,Access to electricity (% of population),,,,,,,,,,,,,94.6297831632653,95.1366424560547,95.4280624389648,95.694465637207,95.9447631835938,96.7,96.4433670043945,96.7148361206055,97.0165405273438,97.3600540161133,97.671777399205,98.1915435791016,98.6651382446289,99.1654205322266,99.6835098266602,99.8687133789063,100
Tanzania,TZA,Access to electricity (% of population),,,6.8,4.16666078567505,4.93597888946533,5.70709323883057,9.4,7.25710678100586,8.03635787963867,8,9.58776092529297,10.3509740829468,11.0999021530151,11.1,11.4,13.218957901001,13.8847808837891,14.5460796356201,11.5,11.2,14.8,14.2,15.3,16.4,23.5,26.5272750854492,32.8,32.7328720092773,35.5589790344238
Uganda,UGA,Access to electricity (% of population),,5.6,0.03620720282197,0.993453562259674,1.9518975019455,6.8,3.8747730255127,4.84040212631226,5.80877923965454,6.77627944946289,7.73843336105347,8.6,7.8,10.5481252670288,11.4442005157471,8.9,9,14.0206317901611,14.8781156539917,10,12.1,14.6,18.6069164276123,13.9,20.4,18.5,26.7,31.8233737945557,42.65
Ukraine,UKR,Access to electricity (% of population),,,,,,,,,,,,,,,,99.885561701316,100,99.8,100,100,100,100,99.8674911660777,100,100,100,100,100,100
Upper middle income,UMC,Access to electricity (% of population),,,,,,,,,,,95.4358374253151,95.6077426112218,96.2760400997153,96.4194589878703,96.7496266523167,97.0253169616762,97.4529821092214,97.5109061692508,97.8078299501247,98.1264634738854,98.6380316021272,98.8140269064407,98.9508578595565,99.0647816324725,99.1338204572333,98.9348474915642,99.2259094221402,99.3090680458563,99.5274381936635
Uruguay,URY,Access to electricity (% of population),,,97.6078338623047,97.7105484008789,97.8144607543945,97.920166015625,98.0282669067383,98.1393661499023,98.2532119750977,98.3661804199219,98.4738006591797,98.5716094970703,98.6551284790039,98.7198944091797,98.7614364624023,98.777961730957,98.505426,98.692636,98.784355,98.7988204956055,99.1317672729492,99.17,100,99.611808,99.657085,99.70948,99.7,100,100
United States,USA,Access to electricity (% of population),100,100,100,100,100,100,100,100,100,100,100,100,100,100,100,100,100,100,100,100,100,100,100,100,100,100,100,100,100
Uzbekistan,UZB,Access to electricity (% of population),,,,,,,99.6,99.3214874267578,99.413444519043,99.5045318603516,99.5902709960938,99.6661911010742,99.7,99.7707061767578,99.7903671264648,99.7850036621094,99.490096097274,99.737548828125,99.7186126708984,99.7183227539063,99.7482604980469,99.8200149536133,99.9174194335938,99.9741821289063,99.9963607788086,100,100,100,100
St. Vincent and the Grenadines,VCT,Access to electricity (% of population),,66.8,69.0898284912109,70.431526184082,71.7744216918945,73.1191101074219,74.466194152832,75.816276550293,77.1691055297852,78.5210571289063,79.8676605224609,82.41,82.5269546508789,83.8307037353516,85.1112289428711,86.3667373657227,87.6061401367188,88.79,90.0829467773438,91.3435287475586,92.6343307495117,93.9669494628906,95.3495483398438,96.7766494750977,98.2393417358398,99.7287368774414,99.8221435546875,99.9830474853516,100
"Venezuela, RB",VEN,Access to electricity (% of population),,,97.820203,98.2672729492188,98.3341217041016,99,98.4738082885742,98.7,98.4,98.9,98.9,99.9,99.8,95.7,99.1,98.8899459838867,99.3,98.8121337890625,98.7780227661133,98.7625579833984,98.8640060424805,98.84,99.326545715332,99.2345809936523,100,100,99.4,99.2,100
British Virgin Islands,VGB,Access to electricity (% of population),91.618293762207,91.9319839477539,92.2457656860352,92.5601577758789,92.8757400512695,93.193115234375,93.5128936767578,93.8356628417969,94.1611785888672,94.4858245849609,94.8051147460938,95.1145935058594,95.4097900390625,95.6862258911133,95.9394454956055,96.1676406860352,96.3797302246094,96.5872955322266,96.8019180297852,97.0351867675781,98.5835723876953,98.9858703613281,99.22265625,99.2189712524414,99.2621002197266,100,100,100,100
Virgin Islands (U.S.),VIR,Access to electricity (% of population),100,100,100,100,100,100,100,100,100,100,100,100,100,100,100,100,100,100,100,100,100,100,100,100,100,100,100,100,100
Vietnam,VNM,Access to electricity (% of population),,,,,,,,78.4,85.3456878662109,86.2694549560547,87.187873840332,88.0964813232422,89.1,89.8663635253906,90.7186965942383,96.1,96,93.1639251708984,93.9776763916016,96.1,98.4529724121094,99,99.033805847168,99.0009918212891,99.2,99.7993927001953,99.2,100,100
Vanuatu,VUT,Access to electricity (% of population),,,,,18,13.0038557052612,14.8463897705078,16.6919193267822,18.5401954650879,19.1,22.2296485900879,24.0618858337402,25.8798389434814,27.6790370941162,29.4550132751465,31.2059707641602,26.44,33.6246200607903,36.4085235595703,33.2911151921981,44.1,41.7788734436035,43.656925201416,31.7,49.0694923400879,52.3857498168945,57.82,62.8,61.8647689819336
World,WLD,Access to electricity (% of population),,,,,,,,,72.6548339315959,74.1364031131279,78.3042303456835,77.9522873251019,79.2255313108542,79.839921241292,80.0054138403622,80.3147166658273,81.2385108126716,82.2853759391848,82.2361481351253,82.6808066373094,83.3262129864573,82.1824169314995,84.8523477068123,85.0921327569573,85.5951615892642,86.6631966469176,87.9553258916547,88.8500776742064,89.5892153884422
Samoa,WSM,Access to electricity (% of population),,78.8,81.1277236938477,81.9641494750977,80,83.6412048339844,84.483024597168,85.3278350830078,86.1753997802734,87.022087097168,87.8634185791016,88.6949462890625,89.5121841430664,90.3106689453125,91.0859298706055,91.8361663818359,96.3717297274598,93.2999114990234,98.1,97.9,96.6939163208008,96.6685746994848,97.2821197509766,98.2039489746094,97.9,99.678092956543,99.9475860595703,96.8,100
Kosovo,XKX,Access to electricity (% of population),,,,,,,,,,,,,,,,,,,,,99,100,100,100,100,100,100,99.8,100
"Yemen, Rep.",YEM,Access to electricity (% of population),,,44.1,41.1105613708496,42.3726654052734,43.6365699768066,44.9028663635254,42.6,47.4441947937012,48.7153549194336,49.9811706542969,51.2371711730957,52.4788856506348,53.7018432617188,49.59,56.076301574707,55.8003346346905,58.3889961242676,59.5501403808594,60.7299308776855,73.7488708496094,73.4331359863281,72.9518814086914,75.6,66.1,71.1798858642578,70.8562850952148,79.2,62
South Africa,ZAF,Access to electricity (% of population),,,,,,,57.6,68.5200042724609,64.9,70.6777877807617,71.7508926391602,70.2,77.1,78.8,80.9,80.9,80.7,82,81.9,82.7,82.9,84.7,85.3,85.4,86,85.5,84.2,84.4,91.2298736572266
Zambia,ZMB,Access to electricity (% of population),13.9,12.7889776229858,19.2,14.2156095504761,14.9304227828979,15.6470327377319,17.3,17.0880355834961,19,18.5366516113281,16.7,19.9638824462891,17.4,18.5,20.3,22.6138439178467,23.2251625061035,18.5,24.4458103179932,25.0783061981201,22,26.4455680847168,27.2000885009766,28.014928817749,27.9,31.1,35.3073387145996,40.3,39.8126220703125
Zimbabwe,ZWE,Access to electricity (% of population),,,28.2,31.1544647216797,28.1,31.9259738922119,32.3150215148926,32.7070617675781,33.1018524169922,38.4,33.8843307495117,34.2630844116211,34.2,34.973258972168,35.2957496643066,35.5932197570801,37.2,36.1514167785645,36.4353141784668,43.3690818728747,39.7790603637695,36.9,44,38.3388252258301,32.3,33.7,39.9239921569824,40.482048034668,41.0415840148926